1,2,3,4,5,6,7,8,9,10,11,12,13,14,15,16,17,18,19,20,21,22,23,24,25,26,27,28,29,30,31,32,33,34,35,36,37,38,39,40,41,42,43,44,45,46,47,48,49,50,51,52,53,54,55,56,57,58,59,60,61,62,63,64
1805 6,2233 1,2921 3,2931 8,p2035 5,2931 2,2317 5,2951 5,2849 5,p2785 2,3077 3,p3127 2,2944 2,3112 4,p2701 2,2740 4,p1223 3,2138 4,2692 2,p2986 3,p3018 3,p2692 6,2081 3,2931 2,2951 5,3105 4,p2297 5,p2949 4,2289 3,2341 2,1686 5,3018 5,2697 8,2181 2,3071 4,p1350 4,2233 8,2233 5,p2651 7,1470 6,1747 6,1726 6,2113 5,1002 3,1680 5,1032 6,1194 6,1433 8,2046 5,1680 3,2723 3,2721 1,2986 3,2931 10,1665 3,2931 4,p3077 8,2167 5,3087 8,3026 8,p2451 6,2720 3,p2289 4,1470 2
2054 6,3160 1,2061 3,2851 5,1978 4,1385 2,p2865 4,2541 4,3076 4,2931 2,724 3,2622 2,1886 2,2314 3,2944 2,1750 4,2253 2,1665 3,2289 2,p2695 3,2110 3,2913 5,2314 2,1194 1,p2319 5,2849 3,2358 4,p3032 4,2402 3,2002 2,2142 5,2289 4,3153 7,1278 2,2931 4,2921 4,1003 6,2931 5,2931 7,2931 5,3153 5,462 5,2402 5,1726 3,2951 5,2990 6,1680 6,2314 7,p2390 5,2967 3,2570 2,2233 1,2210 3,2940 8,2921 3,2470 3,1854 4,1695 5,p1456 7,1750 7,p2711 6,1961 2,2232 3,2314 2
2629 6,2483 1,1135 2,2438 5,1829 4,2721 1,p2912 4,p2625 4,2046 4,3077 2,p2699 3,2849 2,2559 2,2289 3,3125 2,p2378 4,2233 2,670 3,2723 2,2524 2,2931 3,p2751 5,2402 2,3120 1,2812 5,1680 3,1892 4,1846 3,3021 3,1457 2,2188 5,2177 4,2820 6,3057 1,2645 4,2061 4,3142 6,670 4,2940 7,1324 5,2522 5,2402 5,1272 5,2181 3,1194 5,2711 6,2722 6,1385 7,1032 5,2114 2,3156 2,2931 1,1066 3,3077 6,2112 2,1665 3,3005 4,3049 5,2046 7,2967 6,2991 5,2931 2,2884 2,2060 2
1315 5,1705 1,2534 2,1135 4,1671 4,417 1,1145 4,1877 4,1745 4,2470 2,2198 3,1680 2,p1947 2,2931 3,2396 2,p1854 4,p1947 2,2929 3,1468 2,2289 2,3165 3,2004 5,1946 2,942 1,2634 5,696 3,2319 4,2402 3,2276 3,1711 2,2065 4,2883 4,3094 6,1197 1,1397 4,1012 4,2376 5,3105 4,2957 6,p2941 5,2740 5,3091 5,2054 4,1003 3,p2669 5,2631 5,1699 6,2931 7,2990 4,1726 2,2692 2,1711 1,2931 2,2341 6,2650 2,2061 2,1834 4,2314 5,p1700 7,1844 6,p2307 5,2060 2,p2266 2,2177 2
1844 5,2002 1,1350 2,616 4,1699 4,p2828 1,p3043 4,2095 4,2949 3,p1747 2,p3150 3,696 2,3053 2,p2716 3,2897 2,2438 4,1726 2,2921 3,2838 2,1145 2,2771 3,2924 4,2828 2,1410 1,2268 4,1747 3,1751 4,2046 3,2167 3,3087 2,2486 4,p3139 4,3016 6,1397 1,2314 3,2739 4,3103 5,p3031 4,2341 6,2314 5,3128 4,2319 4,p3149 4,2396 3,2319 5,2451 5,1032 6,1769 7,3134 4,1711 2,3075 2,1856 1,2289 2,2314 6,3077 2,2921 2,2138 4,3087 5,3041 6,3092 6,2916 5,1409 2,p3075 2,1590 2
2151 5,3077 1,2684 2,p3128 4,2873 3,695 1,p2342 4,2522 3,2622 3,p2289 2,2003 3,1747 2,1235 2,3164 3,695 2,2522 4,1665 2,1223 3,2433 2,2314 2,p2189 3,p2828 4,3165 2,20 1,3070 4,p2342 3,3006 4,616 3,3131 3,1470 2,2893 4,1423 4,3138 6,679 1,1386 3,p1825 4,2931 5,p3103 4,2470 6,2470 5,2080 4,2215 4,1726 4,1307 3,p2452 5,2046 4,2319 6,1098 6,1514 4,3087 2,2289 2,2911 1,616 2,2470 6,1135 2,1453 2,2931 4,2849 5,2753 6,p3087 6,2753 5,p2289 2,2114 2,1098 2
1747 5,1315 1,2929 2,2939 4,p2299 3,2873 1,2111 4,1752 3,1695 3,2265 2,2081 3,1517 2,2423 2,2890 3,2923 1,3141 4,3005 2,p2175 2,p950 2,3164 2,2986 3,2674 4,2060 2,2979 1,2849 4,3026 3,p1752 4,2951 3,1874 2,3112 2,2370 4,p1145 4,1930 6,1046 1,2323 3,2030 4,2342 5,p2941 3,1614 5,2060 5,2931 4,2894 4,2232 4,2113 3,p2882 5,675 4,2711 6,2699 6,616 4,670 2,3153 2,2106 1,2031 2,3105 5,1469 2,2645 2,2850 4,1671 5,2113 5,2358 6,1700 5,1928 2,2692 2,2538 2
585 5,1741 1,1788 2,2342 4,3011 3,2230 1,1381 3,3076 3,1747 3,p2851 2,p2906 3,2342 2,1651 2,3067 3,2851 1,2002 3,2968 2,2112 2,2570 2,2189 2,3086 2,p2829 4,3164 2,2911 1,2106 4,2314 3,2374 4,2289 3,2232 2,3142 2,p3047 3,1905 4,3059 6,3130 1,2165 3,p2110 3,2470 5,2082 3,3105 5,2051 5,2289 4,3070 4,3135 4,1272 3,p2765 5,2033 4,2645 5,2828 6,p2795 4,1194 2,1810 2,1695 1,1567 2,2265 5,1379 2,2112 2,2802 4,2820 4,p2127 5,2669 6,2033 4,2598 2,1145 2,1853 2
2947 5,2217 1,2886 1,p3043 4,2534 3,2826 1,2979 3,p2849 3,2951 3,2842 2,2320 3,3026 2,2734 2,2819 2,2142 1,243 3,1658 2,3110 2,p1601 1,3094 2,2837 2,1915 4,2723 2,1135 1,1671 4,1750 3,3112 4,2776 3,2524 2,1747 2,3013 3,1066 3,1807 5,1524 1,2167 3,p2733 3,1543 5,3142 3,2002 5,1641 5,2541 4,2035 4,1366 4,1517 3,2812 4,3041 4,2451 5,1066 6,2307 4,1700 2,1468 2,2396 1,2769 2,1135 5,2051 2,2650 2,2314 4,1066 4,1665 5,2812 6,3041 4,2734 2,1946 2,2742 2
1827 5,1680 1,2112 1,3120 4,2629 3,670 1,2931 3,2046 3,1928 3,2081 2,2717 2,2625 2,3005 2,2812 2,2716 1,2080 3,3150 2,1988 2,p3156 1,2883 2,2997 2,2035 4,1810 2,2922 1,p2318 4,3050 3,1747 3,2274 3,942 2,2314 2,1726 3,3152 3,2931 5,2822 1,2402 3,2922 3,1828 5,2002 3,p1861 5,2341 5,1877 4,p1805 4,2947 4,675 3,3128 4,2217 4,2947 5,2233 6,1711 4,2046 2,2838 2,1680 1,3138 2,1470 5,2710 2,2327 2,2644 3,1698 4,2795 5,2740 6,2987 4,2622 2,2828 2,3032 2
2500 5,1264 1,2138 1,2979 3,3087 3,2181 1,p3141 3,1695 3,2424 3,3073 2,3148 2,1810 2,2033 2,2674 2,2188 1,2622 3,3053 2,2692 2,2114 1,2368 2,p2702 2,p2369 4,2833 2,1385 1,3153 4,2036 3,2625 3,1397 3,p2927 2,2947 2,1135 3,3156 3,2887 5,1567 1,1392 3,p1265 3,3128 5,2341 3,2254 5,p2651 4,2342 4,2829 4,2308 4,1366 3,2375 4,2669 4,2951 5,3087 6,2002 4,2198 2,3152 2,2734 1,2470 2,2957 5,1323 2,724 2,2227 3,1433 4,1681 5,2988 6,1194 4,2631 2,2931 2,2902 2
1487 5,2471 1,2939 1,3049 3,2314 3,1135 1,2314 3,1680 3,p2632 3,1309 2,p2956 2,2541 2,2716 2,3131 2,1750 1,2849 3,2423 2,1824 2,p2973 1,3152 2,3110 2,p2827 4,2092 2,2470 1,1908 4,p2320 3,1810 3,2625 3,2314 2,1099 2,2931 3,2145 3,2859 5,1643 1,2932 3,1665 3,243 5,2470 3,3103 4,1098 4,3072 4,p2951 4,2925 4,2947 3,2645 4,1457 4,1747 5,2646 6,2181 4,3135 2,2433 2,1805 1,3015 2,2887 5,1223 2,3077 2,2923 3,2389 4,2050 5,1572 5,2968 4,3175 2,3165 2,2936 2
1892 5,1591 1,2732 1,2922 3,2358 3,2314 1,p3128 3,2020 3,2358 3,1216 1,2931 2,1854 2,p2897 2,2483 2,2065 1,3026 3,1676 2,1747 2,p2266 1,3018 2,2035 2,2402 4,2665 2,2060 1,3028 4,p2541 3,p2669 3,397 3,2344 2,2622 2,2341 3,3032 3,2950 5,2229 1,1948 2,2698 3,1410 5,616 3,p2941 4,p2939 4,1854 4,2849 4,1002 3,2925 3,1856 4,1652 4,2092 5,3032 6,3087 4,2033 2,1924 2,1591 1,2186 2,1098 5,2081 2,1397 2,2317 3,2035 4,1359 5,2319 5,2722 4,1856 2,2723 2,2767 2
1877 5,1671 1,2629 1,2377 3,2887 3,2046 0,2402 3,1928 3,1750 3,2514 1,2002 2,2317 2,2701 2,2692 2,2940 1,1747 3,2897 2,1135 2,2557 1,2142 2,2289 2,1145 4,2883 2,1003 1,1750 4,1677 3,p1750 3,p2890 3,1433 2,p1926 2,3015 3,2606 3,2767 5,1620 1,1543 2,p1787 3,2379 5,p2957 3,p2939 4,2957 4,1928 4,2317 3,2310 3,2820 3,2722 4,1665 4,2967 5,1324 6,3012 4,675 2,2373 2,2829 1,1721 2,2342 4,2253 2,2998 2,3145 3,2604 4,p2203 5,2375 5,2203 4,2918 2,2263 2,1485 2
3025 5,1469 1,1223 1,2383 3,2357 3,2622 0,2902 3,2358 3,1846 3,p2700 1,p1923 2,2358 2,2722 2,2499 2,2081 1,2625 3,2701 2,2534 2,1957 1,2216 2,2499 2,p3116 3,2838 2,2753 1,2317 4,2372 3,2378 3,1601 2,2924 2,1854 2,1680 3,2697 3,2701 5,1999 1,2164 2,2112 3,2060 4,2705 3,2320 4,p2148 4,2950 4,p3072 3,2163 3,2423 3,1032 4,2265 4,3087 5,2701 6,2402 4,3041 2,1728 2,1517 1,2081 2,2651 4,3043 1,2580 2,1469 3,2645 4,2307 5,2002 5,p1236 4,2709 2,1468 2,2323 2
2424 5,1145 1,3102 1,2396 3,2786 3,2753 0,2851 3,2632 3,3141 3,3059 1,2267 2,3028 2,3080 2,1397 2,1886 1,1517 3,123 2,3150 2,p3075 1,2769 2,1350 2,2771 3,3032 2,2396 1,3072 4,p3128 3,3026 3,3040 2,2860 2,2344 2,2314 3,3134 3,1997 5,2450 1,2719 2,2786 3,p2941 4,p2958 3,3101 4,1710 4,3141 4,2113 3,p1528 3,3026 3,1827 4,2542 4,1827 5,2081 6,2198 4,2947 2,1811 2,675 1,2217 1,2941 4,2719 1,1824 2,2060 3,2860 4,2198 5,3142 5,2947 4,2232 2,3152 2,944 2
2920 5,321 1,3030 1,2314 3,p2820 3,2922 0,1623 3,2379 3,2776 3,1536 1,3171 2,2740 2,p1223 2,3058 2,3054 1,p2342 3,2138 2,1852 2,2483 1,2081 2,321 2,1680 3,2433 2,2499 1,p2535 4,p2080 3,2622 3,1705 2,1810 2,1324 2,1665 3,2094 3,1143 5,1667 1,719 2,2113 3,1719 4,3087 3,p2265 4,2254 4,2723 4,2902 3,p1325 3,2245 3,2092 4,2882 4,1824 5,2142 5,1680 4,1936 2,2740 2,1366 1,1365 1,3031 4,2320 1,1678 2,2922 3,2541 4,2923 5,616 5,2437 4,1143 2,2402 2,2570 2
1408 5,1811 1,3093 1,2060 3,2483 3,2923 0,p2376 3,1846 3,p2372 3,2326 1,1769 2,1750 2,2929 2,2887 2,2195 1,1003 3,2944 2,2651 2,1705 1,1924 2,2337 2,2201 3,2832 2,1272 1,p2988 4,p2632 3,2314 3,1350 2,3164 2,1652 2,1066 3,3164 3,2716 5,1893 1,3203 2,2795 3,2321 4,p2940 3,2138 4,3105 4,2851 4,2812 3,p462 3,2494 3,2470 4,2991 4,2669 5,2592 5,2947 3,1976 2,950 2,2951 1,2842 1,2939 4,1453 1,2305 2,1892 3,2753 4,2106 5,3049 5,2882 4,1948 2,2851 2,1035 2
2378 5,2383 0,1988 1,2865 3,1408 3,2127 0,3054 3,2297 3,p3128 3,2266 1,1835 2,1892 2,1234 1,724 2,1223 1,1324 3,1886 2,2341 2,2035 1,1727 2,2828 2,2967 3,2130 2,1747 1,2016 4,2626 3,2069 3,2002 2,2142 2,1681 2,1543 3,3138 3,2106 5,1333 1,2169 2,p1768 3,2002 4,p2651 3,1902 4,p2265 4,2912 4,2232 3,2289 3,1365 3,3090 4,1653 4,2882 5,2522 5,2985 3,2991 2,2498 2,2344 1,1543 1,2254 4,1324 1,2051 2,2538 3,1877 4,144 5,1518 5,2561 4,2702 2,2838 2,1708 1
2535 5,2096 0,2579 1,1145 3,2106 3,2810 0,2949 3,2597 3,3127 3,p3075 1,2957 2,1647 2,2680 1,2860 2,2827 1,2535 3,1542 2,2998 2,2499 1,1423 2,3153 2,2925 3,1423 2,1145 1,p1805 4,2840 3,p2095 3,2232 2,2189 2,2631 2,3021 3,2273 3,2812 5,1763 1,2692 2,1453 3,2912 4,1768 3,2178 4,3030 4,2535 4,2054 3,2988 3,1235 3,696 4,1236 4,1652 5,2402 5,2625 3,2916 2,2497 2,1811 1,2720 1,1747 4,2767 1,2842 2,2181 3,2106 4,1726 5,2106 5,1726 4,2216 2,2081 2,397 1
2219 5,1939 0,205 1,2092 3,2247 3,1099 0,3014 3,2776 3,2621 3,p2895 1,1641 2,1324 2,2433 1,3153 2,1807 1,2542 3,1389 2,2740 2,2314 1,1886 2,3132 2,2987 3,3025 2,2046 1,p2859 4,1844 2,p2988 3,2828 2,1609 2,2876 2,2829 3,2402 3,2542 5,1121 1,2450 2,2546 3,1747 4,1033 3,p3031 4,3120 4,1960 4,1915 3,1260 3,2188 3,2390 4,2307 4,1695 5,2113 5,3090 3,1747 2,2522 2,1928 1,1170 1,2718 4,2704 1,1425 2,2265 3,2402 4,2437 5,3112 5,p3134 4,3163 2,2986 2,2879 1
1506 5,1854 0,1496 1,1747 3,2622 3,2383 0,964 3,2320 3,p3068 2,2002 1,3026 2,1877 2,p1807 1,2924 2,3069 1,2184 3,3080 2,2423 2,1397 1,3040 2,2092 2,2547 3,3086 2,2622 1,3136 4,1476 2,p2864 3,3158 2,1886 2,3128 2,1272 3,2819 3,2741 5,177 1,1946 2,2794 3,2957 4,p2939 3,2956 4,p2940 4,3006 4,2634 3,2387 3,1308 3,3087 4,1976 4,2358 5,2065 5,1699 3,1409 2,3006 2,2967 1,1308 1,2705 4,1612 1,1223 2,2939 3,1862 4,1856 5,1695 5,2140 3,3096 1,1572 2,1717 1
2357 5,2092 0,2666 1,2816 3,1409 3,1928 0,1948 3,1751 3,3174 2,724 1,2398 2,3025 2,1542 1,2753 2,2943 1,2950 3,2929 2,2253 2,2402 1,2232 2,2628 2,2486 3,p2849 2,2438 1,p3088 4,1962 2,2582 3,2924 2,3152 2,2864 2,3057 3,1350 3,2695 4,2931 1,2716 2,1855 3,1695 4,2937 3,2078 3,3103 4,1751 4,2310 3,1915 3,2308 3,1652 4,2568 4,1236 5,1677 5,440 3,2722 2,1752 2,1845 1,3156 1,2956 4,1846 1,2302 2,2705 3,2470 4,p1855 4,2311 5,1935 3,2401 1,2433 2,2931 1
1519 5,2317 0,2411 1,1518 3,3012 3,616 0,1854 3,3127 3,3082 2,1769 1,2705 2,2319 2,2253 1,2722 2,1710 1,2582 3,2433 1,3073 2,2421 1,3124 2,2723 2,1978 3,2216 2,2851 1,p1518 4,1409 2,3028 3,1856 2,2644 2,2739 2,2721 3,2484 3,2742 4,3160 1,2913 2,2703 3,2951 4,2184 3,1470 3,1051 4,2016 3,2892 3,825 3,1997 3,2542 4,944 4,2424 5,3165 5,p2127 3,1032 2,1601 1,2188 1,1931 1,1769 4,2931 1,2767 1,3103 3,2786 4,2968 4,2151 5,3087 3,1309 1,1411 2,1862 1
2950 5,1676 0,1154 1,2929 3,1853 3,1939 0,2871 3,2080 3,3137 2,1135 1,1425 2,2424 2,2858 1,2833 2,2877 1,2424 3,p1807 1,1409 2,2887 1,2484 2,2325 2,2841 3,1411 2,2217 1,3091 3,1671 2,2740 3,2722 2,1862 2,1393 2,3114 3,2799 3,2667 4,2217 1,3094 2,1184 3,3087 4,p2956 3,2051 3,1485 4,2128 3,2370 3,p2828 3,2989 3,1456 4,1711 4,1908 5,585 5,2765 3,2795 2,2645 1,1890 1,2710 1,3103 4,2002 1,1911 1,3004 3,3138 4,2396 4,1962 5,p2160 3,2220 1,3166 2,1726 1
1462 5,3005 0,799 1,1911 3,2003 3,2705 0,1397 3,2949 3,1680 2,1470 1,p2923 2,2378 2,1564 1,2263 2,1808 1,2188 3,1523 1,2289 2,3094 1,2877 2,3150 2,1697 3,3124 2,2342 1,1347 3,2622 2,1728 3,2092 2,3018 2,2343 2,1350 3,2986 3,2800 4,2471 1,2722 2,p2702 2,2402 4,2582 2,2314 3,p1614 4,2181 3,2268 3,p2771 3,1792 3,1699 4,1726 4,2622 5,1929 5,1652 3,2390 2,2175 1,3048 1,495 1,3133 4,724 1,1781 1,2732 3,1572 3,p2092 4,695 5,p2631 3,p950 1,p950 2,1711 1
2218 5,2812 0,2931 1,2949 2,1571 2,2202 0,616 3,2482 2,1844 2,2314 1,p2716 2,322 2,3054 1,2598 2,p1947 1,2931 3,2858 1,2061 2,1350 1,2167 1,1886 2,2687 3,3166 2,1307 1,2522 3,2438 2,2017 3,1769 2,3163 2,3134 2,695 3,2453 3,3125 4,1705 1,2289 2,2754 2,2202 4,1614 2,1135 3,2002 4,2979 3,3149 3,p2924 3,2053 3,1412 4,3087 3,1469 4,2494 5,2631 3,1456 2,2450 1,2970 1,2327 1,2851 4,2470 1,1048 1,2719 3,2669 3,1527 4,2342 5,2046 3,2809 1,2135 2,2181 1
1161 5,1468 0,265 1,2519 2,3147 2,1456 0,3078 3,2500 2,2578 2,1397 1,1788 2,3050 2,1195 1,2053 2,2388 1,2750 3,1564 1,2897 2,1145 1,3156 1,2665 2,p2678 3,2524 2,2383 1,2298 3,2344 2,3050 3,2053 2,1265 2,2375 2,2628 3,2523 3,1709 4,1946 1,2092 2,949 2,2308 4,2060 2,3142 3,1457 4,2314 3,1030 3,1515 3,2310 2,1653 3,1769 3,1651 4,2987 5,2882 3,2092 2,2114 1,1879 1,3124 1,2198 4,1769 1,2719 1,2937 3,1892 3,1415 4,2308 5,2288 3,1664 1,2570 2,1764 1
p1605 5,616 0,2002 1,1595 2,1960 2,2092 0,1626 3,2920 2,696 2,2341 1,3101 2,2535 2,2537 1,2628 2,2289 1,1928 3,1757 1,1324 2,1946 1,2453 1,2679 2,2421 3,2484 2,1928 1,2852 3,1290 2,3067 3,2598 2,1924 2,2882 2,533 3,2195 3,2605 4,1764 1,2344 2,3087 2,1307 4,1907 2,1626 3,3106 4,2470 3,2991 3,2181 3,2812 2,2849 3,2198 3,1506 4,2053 5,p1681 3,2889 2,2973 1,2628 1,1948 1,2148 4,1470 1,1216 1,1764 3,1468 3,1194 4,3011 5,1680 3,2924 1,p1601 1,3061 1
p1572 5,2850 0,3077 1,2701 2,2321 2,2486 0,396 2,p3032 2,1517 2,2998 1,1223 2,2542 2,2856 1,1886 2,2931 1,3021 3,3054 1,2684 2,321 1,2490 1,1265 2,p3149 3,2890 2,2580 1,2151 3,2985 2,2624 3,2968 2,2200 2,2582 2,1846 3,2266 3,2970 4,724 1,1145 2,p2179 2,2092 4,2046 2,2684 3,1588 4,2597 3,p2318 3,p2841 3,3022 2,1236 3,2106 3,3041 4,1206 5,1236 3,2307 2,2266 1,2375 1,1834 1,1902 4,2314 1,1834 1,2943 3,2319 3,p2991 4,3028 5,2258 3,3086 1,2366 1,3021 1
1854 4,3202 0,724 1,2232 2,1937 2,1725 0,942 2,2892 2,3087 2,2198 1,1676 2,1236 2,2524 1,2902 2,1470 1,2629 3,2491 1,3175 2,2232 1,2273 1,3032 2,2483 3,2855 2,278 1,2892 3,1517 2,2379 3,3087 2,1572 2,2634 2,1929 3,2688 3,2543 4,1726 1,2828 2,p1683 2,p2632 4,2887 2,1098 3,p2956 4,2020 3,2019 3,1003 3,2065 2,2711 3,1856 3,3072 4,409 5,2542 3,2987 2,2557 1,2882 1,1393 1,1457 4,1397 1,1253 1,2154 3,2188 3,2987 4,1366 5,2314 3,2195 1,p3156 1,1665 1
2522 4,3199 0,2233 1,2692 2,3035 2,2968 0,2890 2,2181 2,3021 2,2534 1,3027 2,2297 2,3083 1,3032 2,3015 1,2379 3,p1134 1,p1811 2,2828 1,1787 1,3134 2,1946 3,3156 2,2810 1,1032 3,3153 2,p2902 3,2892 2,3134 2,3088 2,2519 2,1721 3,1665 4,1711 1,2924 2,2060 2,2865 4,2051 2,2722 3,2198 4,2402 3,p2984 3,2396 3,2890 2,1695 3,329 3,2535 4,2718 5,p2561 3,2547 2,2579 1,3064 1,2052 1,1641 4,2341 1,1806 1,3154 3,2522 3,2519 4,1892 5,3135 3,2484 1,2679 1,1769 1
1391 4,3080 0,2470 1,1829 2,1844 2,3033 0,2972 2,2622 2,2198 2,2051 1,2782 2,2632 2,2491 1,1433 2,1397 1,2320 3,3171 1,2497 2,2716 1,1504 1,2033 2,2232 3,2454 2,2795 1,2882 3,3117 2,2372 3,2198 2,3141 2,2597 2,2050 2,3033 3,3034 4,1650 1,3116 2,2534 2,3026 4,2867 2,2958 3,3142 3,2828 3,796 3,1307 3,2144 2,2245 3,2923 3,2046 4,2188 5,2846 3,1699 2,1957 1,2890 1,2739 1,2002 4,2998 1,3124 1,2148 3,2561 3,1725 4,3025 5,2746 3,2189 1,2740 1,3015 1
1752 4,1161 0,1769 1,2969 2,2572 2,71 0,p2320 2,1844 2,2342 2,1350 1,p2316 2,2184 2,1901 1,3163 2,2314 1,1135 3,1154 1,p2433 2,2344 1,2557 1,1572 2,1433 3,3141 2,2423 1,2894 3,3183 2,p1901 3,2396 2,2936 2,2632 2,2906 2,2081 3,2890 4,1393 1,3018 2,2923 2,2722 4,1769 2,2971 3,3074 3,2438 3,2451 3,p2751 3,2186 2,2064 3,2390 3,3012 4,2716 5,2650 3,2451 2,2863 1,3042 1,2220 1,2326 4,2198 1,464 1,3030 3,1699 3,1487 4,2424 5,1936 3,2927 1,3039 1,3142 1
1749 4,1926 0,1470 1,3015 2,2169 2,2765 0,46 2,696 2,3026 2,1469 1,3080 2,2036 2,3171 1,1572 2,2196 1,2396 3,2748 1,1425 2,2913 1,2766 1,3163 2,3165 3,3037 1,1308 1,1030 3,3011 2,2867 3,1886 2,1728 2,2988 2,2674 2,2249 3,2806 4,2354 1,2081 2,2947 2,1827 4,1143 2,2906 3,3164 3,1409 3,1856 3,1517 3,2297 2,1908 3,2951 3,2991 4,2923 5,1959 3,440 2,2128 1,2535 1,2806 1,2264 4,2534 1,2809 1,3080 3,2829 3,2051 4,1805 5,p1032 3,1888 1,2306 1,2020 1
3174 4,1427 0,2314 1,3148 2,2849 2,2319 0,2795 2,1747 2,3182 2,1366 1,2542 2,p2629 2,2904 1,1412 2,1108 1,3157 3,2904 1,2989 2,1433 1,2905 1,2950 2,2002 3,2373 1,1854 1,2542 3,2321 2,p3000 3,2883 2,1691 2,1856 2,1196 2,3054 3,2186 4,1194 0,3163 2,p3094 2,3031 4,1385 2,2699 3,2723 3,2424 3,1099 3,675 3,2739 2,40 3,2722 3,944 4,3150 5,2451 3,1725 2,2365 1,2542 1,2484 1,2958 4,1747 1,1334 1,2864 3,1238 3,p2631 4,1462 5,2795 3,2327 1,p2973 1,1385 1
p1410 4,2519 0,1397 1,1534 2,1726 2,1433 0,3104 2,1517 2,2625 2,2947 1,2815 2,2379 2,2748 1,3132 2,1409 1,2482 3,2931 1,1738 2,2924 1,2630 1,2081 2,3153 2,2114 1,1811 1,1711 3,2625 2,2406 3,2561 2,2146 2,2629 2,616 2,3037 2,2929 4,1476 0,1924 2,2967 2,p2939 4,1543 2,2723 3,p2958 3,2499 3,695 3,1711 3,2988 2,1745 3,1415 3,1698 4,3154 5,1725 3,2968 2,2714 1,2742 1,1649 1,2252 4,1350 1,2326 1,2470 3,2767 3,1703 4,2379 4,2114 3,p3156 1,3086 1,531 1
3112 4,2645 0,2341 1,3141 2,1747 2,3117 0,1665 2,3087 2,1810 2,2692 1,2826 1,2095 2,2374 1,2142 2,1366 1,2777 3,616 1,1680 2,3165 1,2780 1,3131 2,2189 2,2169 1,3081 1,2002 3,1810 2,616 2,1409 2,2217 2,1453 2,2692 2,2692 2,2081 4,3018 0,3134 2,p2423 2,1033 4,1827 2,3067 3,2252 3,1924 3,1680 3,2820 3,3032 2,2358 3,2092 3,2372 4,3138 5,2319 3,2765 2,2483 1,2682 1,2340 1,2732 4,1366 1,2323 1,2021 3,2380 3,2916 4,2016 4,1456 3,1957 1,3131 1,2572 1
2499 4,2939 0,2998 1,619 2,1469 2,1698 0,2035 2,2198 2,2541 2,2201 1,2787 1,2950 2,2233 1,1423 2,3053 1,3127 3,2483 1,1591 2,3153 1,2692 1,1811 2,2541 2,2276 1,2307 1,p2741 3,1652 2,1844 2,3134 2,2498 2,1485 2,2283 2,435 2,2986 4,1315 0,2646 2,p2084 2,3072 4,2722 2,2081 3,2594 3,3086 3,2711 3,3077 3,1605 2,2946 3,2889 3,2889 4,2715 5,1527 3,2203 2,1705 1,1234 1,2373 1,1835 4,2947 1,2166 1,2981 2,2950 3,2705 4,2629 4,1725 3,3084 1,p2557 1,2106 1
1264 4,1348 0,2198 1,2233 2,796 2,2297 0,2326 2,2342 2,1854 2,321 1,2938 1,1462 2,p2495 1,2308 2,1862 1,1846 3,p2495 1,2723 2,2860 1,2483 1,2030 2,1609 2,1745 1,1433 1,2181 3,p1854 2,1753 2,2421 2,3166 2,3006 2,670 2,2767 2,1385 4,2093 0,1824 2,1487 2,2080 4,1470 2,2406 3,2699 3,2435 3,1108 2,2423 3,1160 2,1792 3,2967 3,2307 4,3132 5,1199 3,1652 2,2035 1,1166 1,1935 1,2842 4,2201 1,1867 1,1835 2,1264 3,p440 4,3136 4,2889 3,1603 1,2695 1,2197 1
1657 4,1391 0,2051 1,2890 2,2201 2,2189 0,1350 2,3026 2,2470 2,2957 1,1552 1,2582 2,2692 1,2451 2,1824 1,1698 3,2692 1,2886 1,1810 1,1705 1,2936 2,2053 2,2766 1,2985 1,2990 3,2317 2,1099 2,2645 2,2283 2,2871 2,2289 2,1504 2,3092 4,1608 0,2094 2,1179 2,2184 4,2851 2,972 3,2081 3,1948 3,3089 2,3026 3,1325 2,1989 3,1194 3,2203 4,1651 5,2160 3,2631 2,2499 1,2902 1,679 1,2699 3,321 1,1961 1,2979 2,1032 3,3120 4,1751 4,2547 3,2134 1,2700 1,1194 1
2951 4,942 0,1747 1,1769 2,2957 2,2740 0,695 2,1810 2,1811 2,1824 1,2034 1,3141 2,1726 1,2453 2,2423 1,1199 3,2979 1,1844 1,3132 1,1457 1,2645 2,2598 2,2963 1,2726 1,3077 3,3072 2,2421 2,2453 2,1879 2,2859 2,3112 2,2524 2,2919 4,2396 0,2170 2,2252 2,2218 4,3066 2,409 3,2838 3,695 3,1517 2,2245 3,2918 2,2949 3,2598 3,1489 4,3077 5,3177 3,1527 2,2314 1,605 1,1836 1,2081 3,2957 1,2932 1,1135 2,2379 3,2650 4,1083 4,1699 3,1806 1,1846 1,2302 1
2344 4,1464 0,1469 1,1014 2,2181 2,1001 0,2740 2,1854 2,p3158 2,3026 1,p2527 1,3105 2,1665 1,3011 2,2344 1,p3148 2,2035 1,3080 1,2722 1,2035 1,2953 2,3150 2,2834 1,1098 1,3182 3,1470 2,1409 2,2967 2,2837 2,2030 2,1385 2,492 2,3026 4,2660 0,1747 2,p2340 2,972 4,2421 2,1033 3,3032 3,3117 3,1145 2,2494 3,2016 2,3011 3,1827 3,2516 4,3037 5,2711 3,2882 2,1397 1,104 1,727 1,3073 3,1824 1,1258 1,1470 2,1750 3,2233 4,3067 4,2883 3,2596 1,1957 1,2046 1
1862 4,2943 0,1366 1,2376 2,1769 2,2357 0,1680 2,1811 2,2317 2,1641 1,731 1,2320 2,2931 1,2740 2,2497 1,2949 2,1769 1,2252 1,3116 1,2499 1,3166 2,1307 2,2406 1,2494 1,2017 3,2020 2,1946 2,409 2,3055 2,2396 2,1108 2,1003 2,2534 4,1638 0,2202 2,1706 2,2452 4,1108 2,2717 3,3073 3,3043 3,2106 2,1365 3,2823 2,3089 3,2765 3,2002 4,1602 5,2519 3,1681 2,2402 1,2918 1,1867 1,3101 3,3026 1,2134 1,2785 2,2812 3,1939 4,2065 4,2846 3,320 1,3073 1,2534 1
2319 4,282 0,2947 1,2194 2,1764 2,1885 0,2051 2,2317 2,3028 2,2580 1,2593 1,2597 2,48 1,1892 2,278 1,616 2,1135 1,3005 1,3164 1,1397 1,3040 2,2890 2,2999 1,3165 1,1003 3,2876 2,2181 2,3164 2,2111 2,1267 2,696 2,2931 2,1809 4,616 0,1365 2,1234 2,2245 4,2342 2,2065 3,3008 3,2376 3,2201 2,1235 3,1885 2,2838 3,2203 3,2114 4,1592 5,2163 3,1236 2,2421 1,1653 1,1961 1,2906 3,2265 1,2233 1,3000 2,2245 3,2931 4,1752 4,2860 3,2932 1,2767 1,1680 1
1908 4,1503 0,2201 1,2080 2,2167 2,2698 0,1810 2,3028 2,2740 2,1379 1,2898 1,2138 2,2622 1,3049 2,2722 1,2181 2,796 1,2064 1,2771 1,2402 1,2916 2,1906 2,1873 1,243 1,3112 3,2358 2,2947 2,2484 2,2726 2,320 2,1747 2,1172 2,2188 4,1665 0,2627 2,2310 2,1181 4,2815 2,1853 3,1768 3,2030 3,2828 2,2188 3,2163 2,2424 3,1699 3,1937 4,1195 4,1935 3,2561 2,2887 1,1572 1,2648 1,2320 3,1641 1,2002 1,2483 2,2948 3,1625 4,2380 4,3096 3,2227 1,2837 1,2887 1
1113 4,1542 0,321 1,1169 2,3025 2,1748 0,3077 2,2740 2,1892 2,2921 1,1861 1,1728 2,1476 1,2627 2,2921 1,2217 2,2499 1,2645 1,2857 1,2421 1,2903 1,1468 2,p3148 1,2740 1,3076 3,3028 2,724 2,2111 2,1099 2,1616 2,1423 2,2913 2,1974 4,1680 0,1393 2,2184 2,1959 4,605 2,2716 3,2253 3,1397 3,1272 2,1308 3,2634 2,2741 3,2547 3,2288 4,3053 4,1457 3,2990 2,3094 1,1846 1,1683 1,2051 3,2580 1,1769 1,2411 2,1605 3,1711 4,3127 4,2543 3,2326 1,2524 1,3094 1
1590 4,1564 0,2957 1,2402 2,2380 2,2886 0,1135 2,1750 2,1647 2,2480 1,2091 1,3002 2,3112 1,p2679 2,1889 1,2168 2,1385 1,1807 1,2142 1,2887 1,719 1,1108 2,2630 1,1143 1,3142 3,p2740 2,2423 2,2377 2,1727 2,3089 2,2054 2,2924 2,1650 4,2820 0,3006 2,1527 2,1745 4,2218 2,p1693 3,2138 3,3124 3,1543 2,1769 3,2871 2,2516 3,3096 3,1856 4,2276 4,670 3,1359 2,1350 1,1427 1,2981 1,2971 3,2480 1,1135 1,695 2,2632 3,1680 4,1754 4,p1976 3,1566 1,2324 1,2734 1
2092 4,1334 0,1824 1,3138 2,2145 2,3135 0,2263 2,1892 2,1324 2,2705 1,3127 1,2522 2,2753 1,3006 2,3067 1,3076 2,2106 1,2514 1,2189 1,1350 1,2111 1,1409 2,p3137 1,1169 1,2020 3,1892 2,670 2,2358 2,2948 2,2749 2,2127 2,3040 2,3145 4,2923 0,2341 1,1359 2,2211 4,2701 2,2233 3,2406 3,1846 3,2245 2,1997 3,2977 2,3028 3,1527 3,2753 4,2645 4,1627 3,3096 2,1145 1,2218 1,1887 1,2253 3,2705 1,1470 1,1680 2,1946 3,2265 4,p2046 4,3147 3,616 1,3059 1,3097 1
1792 4,2912 0,3026 1,2483 2,2542 2,1413 0,2053 2,1647 2,1877 2,1456 1,p2246 1,1751 2,1824 1,2065 2,3005 0,2979 2,2046 1,3066 1,2216 1,1946 1,2524 1,1671 2,2692 1,3138 1,1844 3,1647 2,3153 2,3153 2,1679 2,2356 2,2786 2,2494 2,2916 4,2127 0,2135 1,1399 2,2561 4,1181 2,1379 3,2718 3,3076 3,1671 2,2989 3,1916 2,2988 3,696 3,2547 4,2483 4,2288 2,2846 2,1946 1,2798 1,2420 1,2138 3,1456 1,2314 1,2616 2,1824 3,2990 4,2720 4,2050 3,3160 1,2567 1,3135 1
2740 4,728 0,2265 1,2198 2,1698 2,2936 0,2598 2,1324 2,3025 2,1738 1,2647 1,2372 2,1290 1,1752 2,1974 0,2402 2,1415 1,1099 1,2263 1,321 1,2695 1,2368 2,2483 1,2920 1,1728 3,1324 2,1845 2,3076 2,1145 2,2165 2,1412 2,3085 2,1680 4,1591 0,2498 1,2651 2,3105 3,2634 2,1002 3,2184 3,1552 3,3153 2,1792 3,2276 2,3027 3,2883 3,2990 4,1307 4,3015 2,2160 2,321 1,2859 1,2229 1,2701 3,1738 1,2341 1,2471 2,3131 3,2947 3,3070 4,2623 3,2979 1,1536 1,1409 1
2377 4,3204 0,1641 1,2900 2,2841 2,1088 0,2828 2,3025 2,2319 2,2317 1,2954 1,2624 2,1741 1,2484 2,1098 0,2046 2,1962 1,2820 1,2541 1,2828 1,2627 1,2535 2,1705 1,3039 1,2402 3,1877 2,3142 2,2424 2,3118 2,1170 2,1641 2,2751 2,2020 4,1346 0,1664 1,2301 2,1626 3,1719 2,1206 3,1456 3,2095 3,1609 2,2053 3,2555 2,2852 3,1290 3,2765 4,1680 4,2572 2,2711 2,2232 1,1426 1,2134 1,409 3,2317 1,2198 1,1591 2,2718 3,2314 3,3059 4,1886 3,1003 1,2898 1,1350 1
322 4,3127 0,2580 1,1609 2,1827 2,531 0,2716 2,2319 2,2378 2,1098 1,p1043 1,3006 2,2998 1,2997 2,2486 0,1680 2,1680 1,2785 1,2833 1,2716 1,p2701 1,1844 2,2035 1,2705 1,1099 3,3025 2,2849 2,1745 2,1171 2,2738 1,1659 2,1529 2,2082 4,3076 0,2453 1,1223 2,2522 3,2178 2,3133 3,2390 3,2570 3,1908 2,796 3,2325 2,3012 3,2319 3,1359 4,2379 4,2106 2,3134 2,2828 1,2936 1,2416 1,1485 3,1098 1,2534 1,2820 2,2218 3,2967 3,3076 4,2141 3,2911 1,2785 1,2697 1
2380 4,2937 0,1379 1,2202 2,892 2,3172 0,2344 2,2424 2,322 2,2940 1,265 1,1752 2,1066 1,2967 2,1676 0,696 2,2113 1,3148 1,1609 1,2344 1,3055 1,3032 2,2289 1,2263 1,2622 3,2319 2,1680 2,2197 2,2306 2,1196 1,2421 2,2923 2,2494 4,2709 0,2231 1,2299 2,2105 3,2113 2,2083 3,1389 3,2697 3,1206 2,2893 3,1709 2,3181 3,2812 3,2370 4,3046 4,1476 2,2519 2,2716 1,1518 1,2326 1,435 3,2940 1,1747 1,2342 2,2868 3,1032 3,2943 4,1928 3,1135 1,2355 1,3024 1
1677 4,3201 0,2480 1,2451 2,1392 2,3035 0,3091 2,2378 2,3050 2,2252 1,p1358 1,2840 2,2625 1,2081 2,440 0,2127 2,1264 1,3093 1,2092 1,2913 1,2135 1,2902 2,2931 1,1956 1,695 3,104 2,2343 2,1989 2,1787 2,3115 1,1827 2,2401 2,1726 4,1433 0,2987 1,2556 2,3048 3,1626 2,2937 3,2484 3,3088 3,1906 2,1844 2,825 2,p3002 3,1792 3,2035 4,95 4,696 2,2455 2,2344 1,2276 1,1933 1,2717 3,2252 1,1350 1,3091 2,2627 3,p944 3,2470 4,p2765 3,3142 1,320 1,2810 1
2375 4,531 0,2705 1,2164 2,1748 2,2406 0,2368 2,322 2,2535 2,1491 1,2470 1,2111 2,696 1,2715 2,1725 0,2344 2,2196 1,p1613 1,2053 1,1433 1,3057 1,2054 2,2499 1,2523 1,1962 3,2424 2,2106 2,1695 2,2490 2,397 1,2971 2,2433 2,2438 4,1771 0,2997 1,p2836 2,2911 3,3067 2,1491 3,1626 3,1752 3,2130 2,3197 2,2645 2,1926 3,1108 3,675 4,1641 4,1747 2,2140 2,2913 1,2862 1,1914 1,2594 3,1491 1,1469 1,616 2,3067 3,2484 3,1409 4,944 3,2692 1,2325 1,2951 1
2053 4,1397 0,1456 1,1651 2,1033 2,1397 0,2860 2,3050 2,2542 2,1703 1,1135 1,p2080 2,3041 1,2324 2,2164 0,1844 2,3094 1,1389 1,2167 1,2924 1,1650 1,1265 2,1397 1,2378 1,1680 3,2378 2,696 2,2114 2,3027 2,3120 1,3160 2,3005 2,3032 4,585 0,1681 1,1309 2,1135 3,1324 2,2061 3,2299 3,2317 3,2343 2,2812 2,3176 2,2859 3,2437 3,2979 4,2253 4,1409 2,2543 2,1433 1,1674 1,2697 1,3142 3,1703 1,1366 1,1454 2,1195 3,2547 3,2402 4,1916 3,2217 1,2895 1,2438 1
1179 4,1523 0,1738 1,2913 2,1534 2,3018 0,1738 2,2535 2,3181 2,3150 1,1470 1,2621 2,2035 1,2181 1,2451 0,2985 2,2471 1,2717 1,2598 1,3165 1,2389 1,1741 2,2421 1,p2970 1,p3089 3,322 2,1677 2,2327 2,1725 2,3175 1,2406 2,3115 2,2951 4,2268 0,2091 1,2886 2,3002 3,1527 2,2705 3,2178 3,2433 3,1792 2,3022 2,1388 2,2327 3,1651 3,1828 4,972 4,2951 2,2437 2,2924 1,1728 1,2177 1,1929 3,3150 1,2947 1,1738 2,1959 3,1699 3,2314 4,p2524 2,2421 1,2896 1,3092 1
2297 4,1117 0,2317 1,2471 2,1651 2,2187 0,2142 2,2542 2,1236 2,1324 1,616 1,2777 2,2989 1,2570 1,2321 0,1066 2,1747 1,3171 1,2628 1,3153 1,1706 1,2646 2,2887 1,3072 1,1747 3,2535 2,2375 2,1034 2,2208 2,1929 1,2396 2,1725 2,2851 4,2722 0,2090 1,1989 2,2424 3,2299 2,3166 3,2078 3,2379 3,619 2,2065 2,2522 2,3136 3,891 3,1665 4,2971 4,2828 2,2650 2,3165 1,2767 1,2032 1,3030 3,3025 1,2201 1,2053 2,p1709 3,2341 3,3015 4,2931 2,2620 1,2337 1,2851 1
2838 4,2456 0,1098 1,1844 2,2546 2,2485 0,2130 2,1236 2,3153 2,3025 1,2314 1,1951 2,2438 1,3038 1,1652 0,1810 2,1409 1,2767 1,2968 1,2860 1,3065 1,1908 2,3094 1,1930 1,1409 3,2542 2,1517 2,1572 2,2606 2,p2786 1,1098 2,2186 2,1956 4,2627 0,1706 1,p1836 2,2667 3,1693 2,1180 3,1693 3,1468 3,3027 2,2890 2,2667 2,2017 3,2050 3,2924 4,2883 4,1290 2,2865 2,2860 1,2452 1,2494 1,3147 3,2061 1,321 1,2341 2,2887 3,2542 3,p2593 4,3072 2,2196 1,2251 1,2820 1
1544 4,1549 0,2940 1,1886 2,2398 2,1083 0,1609 2,3153 2,2297 2,2061 1,1397 1,2972 2,2709 1,3057 1,2380 0,1845 2,2202 1,1603 1,3150 1,1810 1,2454 1,2715 2,1350 1,1706 0,1517 3,1236 2,2198 2,2433 2,2723 2,2152 1,40 2,3066 2,3146 4,2169 0,2490 1,1612 2,2083 3,251 2,2898 3,849 3,278 3,40 2,2144 2,1083 2,2046 3,1272 3,2390 4,2002 4,1726 2,2050 2,3132 1,2652 1,2194 1,1693 3,2305 1,2957 1,71 2,2514 3,675 3,1747 4,616 2,1805 1,2483 1,2716 1
2501 4,1439 0,2252 1,2186 2,3031 2,3008 0,2343 2,2184 2,2184 2,2710 1,2341 1,3068 2,3027 1,867 1,1978 0,1032 2,2697 1,2939 1,1877 1,3132 1,3118 1,2276 2,1145 1,440 0,3052 3,2297 2,1886 2,1770 2,1504 2,1614 1,1652 2,2483 2,1727 4,1066 0,1787 1,2050 2,1862 3,3002 2,3077 3,1379 3,2111 3,3028 2,2186 2,3149 2,2892 3,3089 3,2314 4,2389 4,1003 2,2623 2,2722 1,1261 1,3164 1,1463 3,2398 1,3026 1,1677 2,2365 3,p2033 3,3024 4,1711 2,1671 1,1705 1,1811 1
1680 4,1625 0,1491 1,2895 2,2138 2,1781 0,2167 2,2036 2,2036 2,2305 1,2998 1,2482 2,2820 1,p2146 1,3071 0,3090 2,585 1,243 1,2890 1,2722 1,2313 1,972 2,321 1,2019 0,1946 3,1552 2,2680 2,3131 2,2963 2,616 1,1206 2,2887 2,2634 4,3132 0,3131 1,1549 2,1960 3,2252 2,2299 3,3031 3,2383 3,2967 2,1553 2,2516 2,2593 3,2561 3,1456 4,2433 4,3076 2,1846 2,3116 1,1637 1,1665 1,3002 3,2003 1,2265 1,2097 2,1171 3,2561 3,2828 4,3015 2,1517 1,2035 1,1727 1
1591 4,2356 0,1703 1,2568 2,2522 2,2712 0,1726 2,2629 2,2629 2,2398 1,2534 1,2151 2,243 1,2188 1,2812 0,3087 2,48 1,1463 1,2665 1,3116 1,2855 1,2645 2,2232 1,1698 0,3024 3,2184 2,3072 2,1928 2,1946 2,670 1,1388 2,1847 2,2194 4,2572 0,3115 1,1553 2,1844 3,2254 2,1463 2,2295 3,1098 3,1468 2,2297 2,3078 2,1960 3,2484 3,2308 4,2273 4,2669 2,2593 2,3164 1,1752 1,2695 1,1469 3,2842 1,1641 1,2887 2,322 3,1051 3,2947 4,2109 2,2697 1,2499 1,3026 1
637 3,2439 0,3150 1,441 2,1359 2,1948 0,2646 2,2950 2,2379 2,2922 1,1860 1,1247 2,144 1,2750 1,2680 0,1962 2,2054 1,2714 1,2751 1,2771 1,2216 1,1792 2,2716 1,1703 0,2947 3,3023 2,2342 2,2593 2,2267 2,1977 1,2232 2,2787 2,2263 4,2696 0,2266 1,3001 2,2311 3,2310 2,1439 2,2233 3,2720 3,1506 2,2739 2,464 2,2370 3,1948 3,1308 4,1959 4,2314 2,2516 2,2771 1,2105 1,3077 1,2178 3,2684 1,1379 1,724 2,2771 3,2152 3,1680 4,2402 2,675 1,2314 1,1433 1
2228 3,1403 0,1324 1,497 2,2951 2,1365 0,1159 2,1462 2,2095 2,2003 1,2483 1,2374 2,2968 1,2973 1,3199 0,2421 2,2342 1,1947 1,1886 1,2857 1,3037 1,2820 2,2344 1,3128 0,2201 3,2629 2,3128 2,2516 2,1710 2,2181 1,605 2,2953 2,2860 4,1290 0,1394 1,1170 2,1571 3,2667 2,1769 2,2864 3,2580 3,2751 2,1691 2,974 2,2195 3,2268 3,2377 4,2196 4,2308 2,3012 2,2857 1,1933 1,2401 1,2710 3,2876 1,2480 1,1390 2,1474 3,2390 3,p2718 4,2396 2,1946 1,1397 1,1976 1
1464 3,1486 0,3025 1,1098 2,1397 2,2707 0,1468 2,2582 2,2950 2,2684 1,2051 1,3174 2,1362 1,2406 1,2883 0,2541 2,2177 1,637 1,2883 1,2723 1,1462 1,2453 2,2913 1,2581 0,2828 3,1264 2,1924 2,2665 2,1497 2,3077 1,104 2,2794 2,2967 4,1387 0,2208 1,2684 1,1439 3,2083 2,1835 2,2937 3,2955 3,1750 2,3032 2,2753 2,1033 3,2140 3,2053 4,3010 4,3011 2,2141 2,2142 1,2091 1,1856 1,2937 3,1425 1,2705 1,2876 2,2114 3,1206 3,2951 4,2198 2,3092 1,2421 1,1155 1
2372 3,971 0,2710 1,2606 2,1572 2,p1543 0,278 2,3141 2,1462 2,1844 1,1747 1,2867 2,2740 1,3033 1,3120 0,2317 2,2622 1,2034 1,2368 1,2263 1,1309 1,3049 2,1862 1,2865 0,2423 3,p2379 2,3092 2,2401 2,2561 2,724 1,2795 2,321 2,2947 4,2142 0,1699 1,1902 1,p2265 3,2897 2,p2632 2,1247 3,2890 3,964 2,1605 2,1260 2,2265 3,1398 3,3011 4,1517 4,2358 2,2484 2,2189 1,1912 0,3115 1,2204 3,2739 1,1456 1,1665 2,3136 3,1308 3,1811 4,2923 2,2344 1,2887 1,2726 1
2626 3,1861 0,2305 1,1908 2,2105 2,2518 0,724 2,3105 2,2582 2,2876 1,1350 1,3137 2,3150 1,2816 1,3080 0,2130 2,1476 1,2579 1,3152 1,2541 1,2955 1,2522 2,1433 1,2203 0,3026 3,2095 2,p2798 2,1199 2,2695 2,1739 1,2051 2,2903 2,2807 4,2188 0,2959 1,2545 1,2406 3,1012 2,2198 2,1861 3,2323 3,2186 2,1160 2,1014 2,2033 3,1572 3,2812 4,1700 4,1415 2,2746 2,2216 1,2569 0,3152 1,1588 3,2929 1,1738 1,2929 2,2306 3,2828 3,2536 4,1705 2,2054 1,3094 1,2924 1
1769 3,1498 0,2398 1,1543 2,3146 2,1267 0,3086 2,2988 2,2947 2,1425 1,1469 1,1923 2,2911 1,2944 1,1088 0,1393 2,2726 1,205 1,2535 1,2833 1,1658 1,409 2,2924 1,2065 0,2985 3,2950 2,p2859 2,2380 2,2986 2,3021 1,1359 2,2837 2,3120 4,2538 0,2767 1,p2986 1,2920 3,2289 2,867 2,2317 3,2920 3,417 2,1805 2,2643 2,1534 3,1855 3,1805 4,1088 4,2622 2,1514 2,2263 1,1199 0,397 1,1247 3,2699 1,2317 1,2902 2,2890 3,1307 3,2359 4,675 2,1433 1,1350 1,3153 1
796 3,1345 0,2003 1,2833 2,2604 2,3154 0,2751 2,3117 2,3105 2,1323 1,1366 1,1226 1,1652 1,2524 1,2884 0,2358 2,2924 1,2570 1,2561 1,1609 1,2766 1,1891 2,3153 1,2210 0,1066 3,1462 2,2541 2,2948 1,2095 1,2979 1,1792 2,2344 2,1825 4,2750 0,644 1,2476 1,2341 3,3133 2,p2558 2,3077 3,2629 3,1159 2,2918 2,2387 2,616 3,2518 2,696 4,1605 4,3125 2,891 2,2541 1,2261 0,2064 1,2684 3,2036 1,1098 1,1824 2,2217 3,1652 3,1774 4,2265 2,2985 1,321 1,2194 1
p2358 3,3189 0,2842 1,2920 2,p1307 2,2547 0,1886 2,3092 2,2988 2,2739 1,2947 1,2069 1,2314 1,2863 1,3018 0,3028 2,1641 1,303 1,3018 1,2092 1,1957 1,2273 2,3077 1,2629 0,2625 3,1805 2,1854 2,1752 1,2657 1,2470 1,2174 2,2047 2,1946 4,2897 0,2253 1,1682 1,2851 3,2424 2,3026 2,1769 2,2484 2,2985 2,2016 2,2517 2,2114 3,2959 2,1681 4,3103 4,2849 2,944 2,2833 1,1165 0,2028 1,1977 3,1265 1,2940 1,637 2,p1691 3,3101 3,1543 4,2985 2,2215 1,2716 1,3146 1
2730 3,1623 0,2876 1,2848 2,1810 2,3148 0,1728 2,1745 2,2320 2,p2060 1,2201 1,616 1,3066 1,2963 1,2929 0,1892 2,2916 1,1159 1,2884 1,2053 1,2927 1,2494 2,2860 1,2376 0,1543 3,2582 2,2030 2,2254 1,1933 1,2457 1,2754 2,950 2,2971 4,319 0,2850 1,2211 1,2378 3,1398 2,2264 2,1135 2,2482 2,1929 2,1747 2,1435 2,3070 3,1926 2,1264 4,3107 4,2812 2,1959 2,1609 1,3070 0,1003 1,616 3,2698 1,2252 1,3143 2,2665 3,2883 3,696 4,2924 2,1066 1,2344 1,2860 1
3127 3,1215 0,1425 1,3057 2,1680 2,3086 0,2645 2,2138 2,2597 2,1223 1,321 1,670 1,796 1,2834 1,2470 0,1647 2,1829 1,3156 1,3032 1,2598 1,3151 1,2065 2,3132 1,2379 0,1726 3,1591 2,2137 2,2311 1,2605 1,3182 1,2841 2,1807 2,2375 4,2669 0,1806 1,2162 1,2003 3,1247 2,1641 2,1835 2,2795 2,2826 2,2823 2,2560 2,1912 3,2059 2,2274 4,1196 4,2424 2,2493 2,2092 1,1253 0,1924 1,2886 3,2629 1,2449 1,1948 2,2499 3,2906 3,1854 4,2998 2,3153 1,2913 1,2967 1
1750 3,1305 0,1323 1,2113 2,1188 2,3000 0,3152 2,1728 2,2138 2,2929 1,1824 1,1711 1,1928 1,3151 1,2016 0,1877 2,1908 1,950 1,2902 1,2628 1,2365 1,1829 2,2722 1,1886 0,1845 3,3141 2,2985 2,441 1,1257 1,1003 1,3131 2,2582 2,3086 4,3015 0,1180 1,2581 1,1753 3,3166 2,1711 2,2402 2,3059 2,2989 2,1885 2,1809 2,2860 3,1267 2,1726 4,2245 4,1745 2,2388 2,2053 1,2749 0,2674 1,2152 3,1788 1,1491 1,2320 2,1754 3,2985 3,1066 4,2721 2,1908 1,1433 1,2722 1
1341 3,1214 0,2739 1,2112 2,3092 2,320 0,2453 2,3002 2,1728 2,2699 1,2265 1,2002 1,1641 1,p2017 1,2699 0,3025 2,972 1,1923 1,2679 1,2968 1,p2932 1,2091 2,3116 1,1846 0,2188 3,251 2,2317 2,2712 1,2325 1,3076 1,531 2,3165 2,2720 3,1878 0,284 1,2811 1,2167 3,1359 2,2060 2,2421 2,2374 2,605 2,3024 2,2490 2,3059 3,3059 2,1307 4,1658 4,1886 2,1937 2,2167 1,2686 0,1394 1,2233 3,2651 1,1703 1,2480 2,1252 3,1602 3,1845 4,2828 2,1543 1,2924 1,2147 1
2003 3,1183 0,2699 1,2033 2,2812 2,1621 0,1591 2,2372 2,3002 2,2036 1,2580 1,2181 1,2499 1,3156 1,104 0,2319 2,1308 1,2644 1,2081 1,p1563 1,p2703 1,2188 2,2470 1,3115 0,2308 3,2821 2,1805 2,p2849 1,1386 1,3015 1,1571 2,3176 2,3176 3,2135 0,2946 1,1306 1,1247 3,2832 2,2252 2,2032 2,3078 2,1605 2,2753 2,2999 2,2356 3,1935 2,2931 4,3049 4,2876 2,1811 2,2598 1,1435 0,2687 1,2558 3,3073 1,3150 1,1183 2,1844 3,3100 3,2833 4,2096 2,1169 1,3153 1,3138 1
3048 3,1046 0,2081 1,2515 2,2913 2,3040 0,2953 2,1677 2,1946 2,1265 1,1379 1,3077 1,2916 1,2522 1,248 0,2198 2,2541 1,2298 1,3163 1,3150 1,2226 1,1592 2,2771 1,2186 0,2541 3,p2597 2,1647 2,944 1,2109 1,2020 1,3066 2,1825 2,3078 3,1430 0,1154 1,2603 1,1698 3,1861 2,2527 2,1671 2,2777 2,104 2,2634 2,2286 2,2526 3,2258 2,2542 4,p2325 4,397 2,1601 2,2628 1,3107 0,2787 1,1781 3,2886 1,1324 1,1397 2,3086 3,2593 3,3090 4,2669 2,1235 1,2860 1,2776 1
1033 3,1424 0,2036 1,1033 2,1543 2,1113 0,2838 2,3072 2,2522 2,2698 1,2921 1,724 1,3074 1,2450 1,1885 0,322 2,1854 1,2904 1,2606 1,1877 1,2169 1,1088 2,2857 1,3073 0,1854 3,2138 2,2046 2,2454 1,2031 1,1844 1,1741 2,2580 2,2683 3,2154 0,1334 1,2000 1,695 3,p2265 2,1324 2,2113 2,1247 2,2535 2,2871 2,1237 2,2991 3,2931 2,2561 4,3098 4,1135 2,2139 2,2968 1,2914 0,1423 1,2295 3,1309 1,3025 1,2541 2,p2634 3,1936 3,2622 4,2107 2,2300 1,1810 1,2795 1
1647 3,435 0,1265 1,1978 2,3030 2,1664 0,409 2,2741 2,1751 2,2629 1,2480 1,3021 1,2860 1,3087 1,1410 0,3050 2,3117 1,2896 1,2986 1,2890 1,2746 1,1172 2,2142 1,1748 0,3090 3,1728 2,1324 2,3038 1,p1420 1,2572 1,48 2,2287 2,1781 3,3033 0,1614 1,2980 1,1385 3,2450 2,2046 2,2558 2,2454 2,1686 2,2977 2,2062 2,2002 3,2753 2,1671 4,2877 4,3128 2,2497 2,3150 1,2077 0,1309 1,3087 3,3101 1,2710 1,1693 2,2145 3,2258 3,2321 4,1827 2,2776 1,3132 1,2480 1
2948 3,397 0,2698 1,1705 2,2499 2,2306 0,1834 2,2624 2,1290 2,1453 1,1456 1,2979 1,3132 1,2959 1,2113 0,2301 2,462 1,1163 1,1265 1,1468 1,3070 1,2948 2,2189 1,1425 0,2153 3,1636 2,1877 2,3133 1,2767 1,2106 1,1144 2,1806 2,2838 3,2051 0,3078 1,616 1,2888 3,2141 2,1589 2,3026 2,1774 2,2988 2,1916 2,1526 2,p3137 3,2139 2,1412 4,2967 4,1385 2,2645 2,1877 1,2062 0,2646 1,1385 3,3105 1,2398 1,2645 2,1609 3,1653 3,2188 4,2251 2,2390 1,2722 1,2390 1
1698 3,492 0,1453 1,2020 2,1646 2,2666 0,2903 2,3006 2,2741 2,1788 1,1738 1,2470 1,3057 1,3037 1,2433 0,2739 2,1651 1,2567 1,2819 1,2665 1,2749 1,1325 2,2263 1,3141 0,3117 3,1341 2,3025 2,2515 1,2229 1,2402 1,1878 2,495 2,3055 3,1386 0,1387 1,2643 1,3021 3,1435 2,2546 2,1424 2,1951 2,1926 2,2276 2,1482 2,2753 3,1627 2,1108 4,2959 4,2036 2,1935 2,2890 1,678 0,2721 1,2155 3,2906 1,2003 1,1348 2,3015 3,2701 3,2398 4,1308 2,1665 1,3116 1,1889 1
2632 3,1014 0,2651 1,3175 2,2514 1,2389 0,2273 2,2840 2,2624 2,2651 1,2317 1,3182 1,1390 1,2650 1,2582 0,2988 2,1824 1,3075 1,1924 1,2751 1,2435 1,2357 2,2541 1,2519 0,3011 3,3002 2,2424 2,322 1,p3037 1,2046 1,2959 2,2125 2,1679 3,1272 0,1524 1,3077 1,278 3,435 2,2710 2,2828 2,3156 2,1846 2,2555 2,1658 2,3015 3,1700 2,2786 3,2390 4,2344 2,2288 2,2665 1,2596 0,2829 1,2060 3,2152 1,2181 1,2046 2,2216 3,2423 3,1745 4,696 2,1308 1,3164 1,2189 1
1523 3,1867 0,3073 1,2812 2,1908 1,p2078 0,1572 2,2111 2,3006 2,2886 1,2893 1,3087 1,2857 1,p2272 1,3010 0,1236 2,1290 1,3127 1,1572 1,2535 1,2784 1,1308 2,1609 1,2682 0,2130 3,2522 2,2308 2,1261 1,2114 1,2198 1,1476 2,1171 2,3064 3,1032 0,2268 1,2470 1,2629 3,2167 2,1869 2,3049 2,2568 2,1257 2,1709 2,p2924 2,2106 3,2828 2,2054 3,2541 4,3001 2,1457 2,2751 1,2955 0,2047 1,1307 3,2546 1,2684 1,2252 2,1108 3,1236 3,2247 4,1155 2,2263 1,2771 1,1771 1
1901 3,1168 0,1309 1,1388 2,2716 1,1404 0,3015 2,2621 2,1752 2,1805 1,2922 1,1003 1,2500 1,p2337 1,1423 0,2297 2,1699 1,2266 1,2674 1,2561 1,2251 1,1002 2,1470 1,3014 0,144 3,1751 2,2626 2,2880 1,2206 1,1695 1,185 2,3100 2,2189 3,2598 0,3031 1,1856 1,2867 3,1835 1,2950 2,3165 2,2228 2,2980 2,2645 2,1927 2,2402 3,1680 2,1653 3,1742 4,2870 2,2723 2,1886 1,1030 0,2554 1,1861 3,2264 1,2876 1,2856 2,1747 3,1989 3,2378 4,2274 2,1589 1,2857 1,2263 1
3077 3,847 0,3101 1,1846 2,3117 1,1234 0,2719 2,2777 2,2969 2,3101 1,1098 1,3112 1,1770 1,p3075 1,1309 0,p2632 2,1098 1,2411 1,2950 1,2884 1,1619 1,2501 2,2053 1,2826 0,2321 3,3144 2,2833 2,2016 1,2555 1,1415 1,1088 2,2128 2,2889 3,1770 0,3201 1,1315 1,1589 3,2032 1,2887 2,2967 2,3127 2,1834 2,2194 2,p2771 2,2718 3,1135 2,3134 3,1543 4,1194 2,1960 1,2883 1,1484 0,2253 1,1680 3,2597 1,2289 1,2786 2,1469 3,p1235 3,3050 4,2967 2,1956 1,2142 1,2971 1
1236 3,597 0,3105 1,2710 2,1605 1,605 0,2378 2,1951 2,3011 2,1409 1,2940 1,3076 1,2833 1,3085 1,1552 0,2741 2,1487 1,2233 1,1392 1,2838 1,3162 1,2389 2,2167 1,2320 0,2343 3,2624 2,3090 2,2306 1,2420 1,695 1,2004 2,2696 2,2902 3,2679 0,111 1,1135 1,616 3,3106 1,2152 2,2046 2,2450 2,962 2,619 2,2825 2,1976 3,3135 2,2519 3,1470 4,3026 2,1927 1,2368 1,2318 0,1709 1,2192 3,2941 1,1323 1,409 2,2344 3,3096 3,2594 4,2053 2,1609 1,2189 1,2274 1
2379 3,,2906 1,1928 2,1652 1,971 0,1928 2,2972 2,2840 2,3105 1,2252 1,1470 1,1088 1,1873 1,2820 0,2990 2,1066 1,799 1,1948 1,3032 1,2692 1,1257 2,2598 1,1721 0,1664 3,3006 2,322 2,3127 1,2507 1,2849 1,2944 2,1468 2,2571 3,1456 0,3175 1,1470 1,1854 3,p2632 1,3073 2,2710 2,2865 2,2016 2,1543 2,1515 2,1476 3,2113 2,1855 3,2195 4,1846 2,2258 1,2535 1,1380 0,2341 1,2202 3,2138 1,2739 1,3150 2,1408 3,p1324 3,1652 4,1206 2,3048 1,2216 1,3081 1
1225 3,,2320 1,2958 2,2950 1,2399 0,2623 2,144 2,2111 2,2829 1,p1491 1,3015 1,2801 1,2481 1,146 0,2036 2,1033 1,2931 1,3134 1,2902 1,2483 1,531 2,2922 1,497 0,3150 3,1199 2,3011 2,2973 1,2770 1,1476 1,1862 2,1931 2,2065 3,3157 0,3121 1,2314 1,2956 3,867 1,1309 2,2887 2,3148 2,1590 2,531 2,p2829 2,2113 3,2947 2,2245 3,2547 4,1066 2,2175 1,2561 1,2262 0,1408 1,585 3,2721 1,1856 1,1485 2,2201 3,2486 3,1552 4,2390 2,3117 1,2541 1,2153 1
2439 3,,2152 1,2369 2,1010 1,3188 0,3004 2,3068 2,p2876 2,2906 1,1703 1,3142 1,3175 1,2691 1,2112 0,2833 2,2765 1,2002 1,1423 1,2679 1,1705 1,962 2,2628 1,1518 0,p1892 3,2888 2,2535 2,1723 1,1957 1,1962 1,1365 2,1696 2,1487 3,2890 0,1388 1,2106 1,3153 3,1426 1,2828 2,2701 2,2421 2,2871 2,2849 2,2447 2,1108 3,2402 2,1544 3,1457 4,1700 2,1627 1,3018 1,2272 0,2994 1,2923 3,2406 1,2929 1,3113 2,616 3,2846 3,2297 4,1517 2,2470 1,2833 1,3048 1
1960 3,,2546 1,2702 2,2396 1,2667 0,1172 2,2343 2,2080 2,2112 1,2106 1,2020 1,1160 1,2900 1,3020 0,2947 2,1324 1,3077 1,2832 1,3163 1,1496 1,3038 2,2968 1,2866 0,1324 3,1752 2,2542 2,2450 1,2355 1,1680 1,1885 2,1924 2,2680 3,2827 0,2166 1,1548 1,2817 3,252 1,1143 2,2092 2,2596 2,3165 2,3176 2,1686 2,1747 3,1936 2,2860 3,2887 4,3105 2,2032 1,2884 1,1541 0,695 1,1651 3,2718 1,2699 1,1389 2,2343 3,2091 3,2542 4,2092 2,2889 1,1609 1,3117 1
2946 3,,2264 1,2945 2,1962 1,1623 0,1003 2,2197 2,2777 2,2320 1,1324 1,1844 1,2064 1,3017 1,1719 0,1415 2,2380 1,724 1,3141 1,2606 1,3184 1,2003 2,3150 1,3140 0,1652 3,2111 2,1236 2,1685 1,2233 1,2421 1,3106 2,2178 2,1916 3,2944 0,1216 1,2341 1,2051 3,2527 1,3132 2,2987 2,1885 2,1916 2,2147 2,p2687 2,675 3,2701 2,3026 3,3066 4,2396 2,1675 1,3032 1,2435 0,1680 1,2716 3,2645 1,2081 1,2083 2,1206 3,p2274 3,p2516 4,2319 2,2970 1,2092 1,2701 1
2867 3,,2597 1,2125 2,1454 1,2834 0,p3148 2,3088 2,1652 2,1145 1,3025 1,2572 1,1878 1,1705 1,1433 0,3134 2,2625 1,2470 1,3131 1,1265 1,2314 1,2536 2,1877 1,2228 0,3025 3,2621 2,2359 2,2630 1,2138 1,696 1,2313 2,2535 2,2181 3,3181 0,2939 1,1700 1,2451 3,3006 1,1543 2,2547 2,1698 2,2859 2,1388 2,726 2,2947 3,1206 2,2811 3,1719 4,1845 2,655 1,2902 1,1288 0,3176 1,2733 3,2939 1,2036 1,2305 2,2924 3,1976 3,322 4,2701 2,2989 1,2053 1,2092 1
971 3,,2253 1,2317 2,3145 1,1541 0,1354 2,2151 2,1951 2,2152 1,2061 1,2314 1,1046 1,2035 1,2715 0,2095 2,1012 1,1769 1,2373 1,2819 1,1397 1,2306 2,3076 1,1359 0,1978 3,p2777 2,2632 2,2969 1,944 1,1409 1,2950 2,2189 2,2111 3,248 0,1049 1,2046 1,3120 3,p2558 1,1827 2,2451 2,1626 2,3136 2,2522 2,2735 2,1824 3,2486 2,3128 3,2665 4,3135 2,2714 1,2679 1,2549 0,3036 1,2993 3,1348 1,1265 1,2842 2,3153 2,1886 3,1908 4,p440 2,1792 1,2167 1,2889 1
2317 3,,2650 1,3018 2,2218 1,2836 0,2389 2,1247 2,1032 2,1946 1,p2710 1,2106 1,2359 1,2402 1,1180 0,1462 2,2065 1,1470 1,2646 1,1572 1,2402 1,2490 2,1468 1,825 0,2424 3,3127 2,2812 2,2900 1,3160 1,1671 1,1664 2,2674 2,1435 3,2486 0,892 1,2198 1,2850 3,1711 1,2253 2,2882 2,1946 2,3088 2,2667 2,p2751 2,1290 3,1705 2,1589 3,1809 4,2188 2,2570 1,2081 1,1870 0,2196 1,1811 3,1869 1,2698 1,2899 2,2999 2,2787 3,2541 4,2851 2,2167 1,2598 1,2970 1
1526 3,,2941 1,1517 2,2277 1,1046 0,1099 2,2374 2,2188 2,2546 1,2305 1,2402 1,3033 1,2421 1,2253 0,1290 2,1681 1,2314 1,2030 1,2433 1,2421 1,2826 2,2020 1,1453 0,1677 3,1432 2,2127 2,2931 1,1665 1,1517 1,3089 2,616 2,1853 3,1700 0,731 1,1415 1,3078 3,3077 1,1956 2,2065 2,3112 2,p1518 2,1854 2,2221 2,2035 3,2471 2,40 3,2147 4,2033 2,3156 1,3163 1,2057 0,2786 1,1433 2,2254 1,2629 1,2111 2,2113 2,p2543 3,3128 4,2598 2,2905 1,2628 1,1497 1
2399 3,,2406 1,2217 2,1664 1,435 0,3157 2,3070 2,p2870 2,2264 1,2842 1,1099 1,2923 1,3094 1,1626 0,3072 2,1235 1,1397 1,2936 1,2674 1,2887 1,2973 2,2893 1,3043 0,1745 3,3064 2,2184 2,670 1,3087 1,3052 1,1626 1,1197 2,2110 3,111 0,2958 1,2396 1,2794 3,1003 1,3006 2,1853 2,2344 2,3035 2,2971 2,533 2,2318 3,2916 2,2623 3,3124 4,3180 2,2530 1,2606 1,2349 0,1727 1,1066 2,2652 1,1788 1,595 2,2722 2,2060 3,2750 4,1652 2,1879 1,2968 1,1997 1
1938 3,,2718 1,2546 2,1749 1,1368 0,2216 2,3059 2,2972 2,2597 1,2684 1,2046 1,2651 1,1350 1,2858 0,p3105 2,2919 1,1726 1,2715 1,2950 1,3094 1,2892 2,2751 1,3013 0,2631 3,1033 2,1745 2,1726 1,1856 1,2697 1,2643 1,3102 2,3088 3,1362 0,2410 1,1307 1,2314 3,2911 1,2718 2,2632 2,3077 2,1354 2,1083 2,2233 2,1226 3,2035 2,2959 3,2622 4,2750 2,2976 1,2986 1,2844 0,2245 1,3138 2,2873 1,2651 1,2594 2,1978 2,1959 3,1846 4,2876 2,2940 1,3150 1,2317 1
2624 3,,2645 1,3053 2,2469 1,397 0,1489 2,3174 2,p3177 2,2253 1,2876 1,2198 1,1350 1,1145 1,1693 0,2470 2,1915 1,2198 1,2657 1,1392 1,1145 1,671 2,1886 1,1948 0,2035 3,1951 2,2036 2,1623 1,3015 1,1946 1,2842 1,2646 2,2936 3,1651 0,2325 1,1680 1,2320 3,1135 1,1768 2,2765 2,1601 2,1334 2,2516 2,1679 2,2437 3,2289 2,1846 3,1327 4,675 2,2552 1,1265 1,1716 0,2372 1,972 2,2732 1,3073 1,1945 2,1829 2,2887 3,p2882 4,2127 2,2628 1,1877 1,1974 1
2036 3,,2767 1,p2597 2,2424 1,2804 0,1771 2,2867 2,2482 2,2650 1,1323 1,1695 1,3039 1,1946 1,3043 0,2597 2,1159 1,2495 1,2276 1,1948 1,1946 1,2211 2,2198 1,1834 0,p2984 3,2972 2,2629 2,1711 1,3142 1,3024 1,1889 1,1025 2,2252 3,2163 0,1743 1,2620 1,2622 3,1456 1,2372 2,106 2,616 2,671 2,3011 2,1653 1,2924 3,2795 2,2593 3,2105 4,3041 2,2412 1,2819 1,1894 0,2383 1,1650 2,409 1,2886 1,1706 2,2189 2,2623 3,p3137 4,2245 2,1892 1,3077 1,3112 1
